{"cameraMode":{"drawMode":0,"name":"Shaded","section":"Shading Mode"},"sceneLighting":true,"audioPlay":false,"sceneViewState":{"showFog":true,"showMaterialUpdate":false,"showSkybox":true,"showFlares":true,"showImageEffects":true,"showParticleSystems":true},"in2DMode":false,"pivot":{"x":-0.9753895998001099,"y":9.945596694946289,"z":-5.409526824951172},"rotation":{"x":0.13842202723026277,"y":-0.18278701603412629,"z":0.02599930576980114,"w":0.9730303883552551},"size":4.729457855224609,"orthographic":false}