{"cameraMode":{"drawMode":0,"name":"Shaded","section":"Shading Mode"},"sceneLighting":false,"audioPlay":false,"sceneViewState":{"showFog":true,"showMaterialUpdate":false,"showSkybox":false,"showFlares":true,"showImageEffects":true,"showParticleSystems":true},"in2DMode":false,"pivot":{"x":62.678428649902347,"y":6.304642677307129,"z":-3.5280470848083498},"rotation":{"x":0.16409948468208314,"y":0.34490349888801577,"z":-0.061365481466054919,"w":0.9221817851066589},"size":5.0290727615356449,"orthographic":false}